{"IcoMoonType":"selection","icons":[{"icon":{"paths":["M832.013 338.752l-146.752-146.752 82.752-82.752 146.752 146.752-82.752 82.752zM145.354 766.592l112.064 112.064-149.44 37.376 37.376-149.44zM320.010 850.752l-146.752-146.752 466.755-466.752 146.752 146.752-466.755 466.752zM982.669 233.408l-192-192c-12.544-12.544-32.768-12.544-45.312 0l-640.003 640c-3.84 3.84-6.080 8.512-7.552 13.376-0.192 0.576-0.704 0.896-0.832 1.472l-64 256c-2.752 10.88 0.448 22.464 8.384 30.4 6.080 6.016 14.272 9.344 22.656 9.344 2.624 0 5.184-0.32 7.744-0.96l256-64c0.576-0.128 0.896-0.64 1.472-0.832 4.864-1.472 9.536-3.712 13.44-7.552l640.003-640c12.48-12.544 12.48-32.768 0-45.248z"],"attrs":[{}],"isMulticolor":false,"isMulticolor2":false,"grid":0,"tags":["icon_edit"]},"attrs":[{}],"properties":{"order":2,"id":0,"name":"icon_edit","prevSize":32,"code":59648},"setIdx":0,"setId":2,"iconIdx":0}],"height":1024,"metadata":{"name":"icomoon"},"preferences":{"showGlyphs":true,"showQuickUse":true,"showQuickUse2":true,"showSVGs":true,"fontPref":{"prefix":"icon-","metadata":{"fontFamily":"icomoon"},"metrics":{"emSize":1024,"baseline":6.25,"whitespace":50},"embed":false},"imagePref":{"prefix":"icon-","png":true,"useClassSelector":true,"color":0,"bgColor":16777215,"classSelector":".icon"},"historySize":50,"showCodes":true,"gridSize":16}}